-- phpMyAdmin SQL Dump
-- version 4.6.6deb5
-- https://www.phpmyadmin.net/
--
-- Client :  localhost:3306
-- Généré le :  Lun 10 Février 2020 à 15:01
-- Version du serveur :  10.3.21-MariaDB-1:10.3.21+maria~bionic-log
-- Version de PHP :  7.2.24-0ubuntu0.18.04.2

SET SQL_MODE = "NO_AUTO_VALUE_ON_ZERO";
SET time_zone = "+00:00";


/*!40101 SET @OLD_CHARACTER_SET_CLIENT=@@CHARACTER_SET_CLIENT */;
/*!40101 SET @OLD_CHARACTER_SET_RESULTS=@@CHARACTER_SET_RESULTS */;
/*!40101 SET @OLD_COLLATION_CONNECTION=@@COLLATION_CONNECTION */;
/*!40101 SET NAMES utf8mb4 */;

--
-- Base de données :  `softrh`
--

-- --------------------------------------------------------

--
-- Structure de la table `Employe`
--

CREATE TABLE `Employe` (
  `id_Employe` int(11) NOT NULL,
  `utilisateur` varchar(20) NOT NULL,
  `mdp` varchar(255) NOT NULL,
  `admin` varchar(5) NOT NULL,
  `id_service` int(11) DEFAULT NULL
) ENGINE=InnoDB DEFAULT CHARSET=utf8;

--
-- Contenu de la table `Employe`
--

INSERT INTO `Employe` (`id_Employe`, `utilisateur`, `mdp`, `admin`, `id_service`) VALUES
(1, 'admin1', '*A4B6157319038724E3560894F7F932C8886EBFCF', 'true', 1),
(2, 'person1', '*C05C68552A6E2FC59ECC2FF0C50D51BB930F47FC', 'false', 2),
(3, 'micho', '*A4B6157319038724E3560894F7F932C8886EBFCF', 'false', 3),
(4, 'Bernard', '*A4B6157319038724E3560894F7F932C8886EBFCF', 'false', 4),
(6, 'person2', '*C05C68552A6E2FC59ECC2FF0C50D51BB930F47FC', 'false', 1);

-- --------------------------------------------------------

--
-- Structure de la table `has_voted`
--

CREATE TABLE `has_voted` (
  `id_employe` int(11) NOT NULL,
  `vote_date` date NOT NULL
) ENGINE=InnoDB DEFAULT CHARSET=utf8;

--
-- Contenu de la table `has_voted`
--

INSERT INTO `has_voted` (`id_employe`, `vote_date`) VALUES
(2, '2020-02-05'),
(2, '2020-02-07'),
(2, '2020-02-10'),
(3, '2020-02-05'),
(3, '2020-02-06'),
(3, '2020-02-07'),
(3, '2020-02-10'),
(4, '2020-02-05'),
(4, '2020-02-07'),
(4, '2020-02-10'),
(6, '2020-02-06');

-- --------------------------------------------------------

--
-- Structure de la table `Humeur`
--

CREATE TABLE `Humeur` (
  `id_humeur` int(11) NOT NULL,
  `nom_humeur` varchar(45) NOT NULL,
  `icon_url` varchar(255) DEFAULT NULL
) ENGINE=InnoDB DEFAULT CHARSET=utf8;

--
-- Contenu de la table `Humeur`
--

INSERT INTO `Humeur` (`id_humeur`, `nom_humeur`, `icon_url`) VALUES
(1, 'heureux', NULL),
(2, 'fatigue', NULL),
(3, 'stresse', NULL);

-- --------------------------------------------------------

--
-- Structure de la table `Service`
--

CREATE TABLE `Service` (
  `id_service` int(11) NOT NULL,
  `nom_service` varchar(255) NOT NULL
) ENGINE=InnoDB DEFAULT CHARSET=utf8;

--
-- Contenu de la table `Service`
--

INSERT INTO `Service` (`id_service`, `nom_service`) VALUES
(1, 'comptabilite'),
(2, 'juridique'),
(3, 'secretariat'),
(4, 'logistique');

-- --------------------------------------------------------

--
-- Structure de la table `Vote`
--

CREATE TABLE `Vote` (
  `id_vote` int(11) NOT NULL,
  `id_humeur` int(11) NOT NULL,
  `id_service` int(11) NOT NULL,
  `vote_date` date NOT NULL
) ENGINE=InnoDB DEFAULT CHARSET=utf8;

--
-- Contenu de la table `Vote`
--

INSERT INTO `Vote` (`id_vote`, `id_humeur`, `id_service`, `vote_date`) VALUES
(1, 3, 1, '2020-01-01'),
(2, 3, 1, '2020-01-01'),
(3, 2, 1, '2020-01-01'),
(4, 1, 2, '2020-01-01'),
(5, 3, 2, '2020-01-01'),
(6, 1, 2, '2020-01-01'),
(7, 1, 3, '2020-01-01'),
(8, 2, 3, '2020-01-01'),
(9, 1, 3, '2020-01-01'),
(10, 3, 4, '2020-01-01'),
(11, 1, 4, '2020-01-01'),
(12, 1, 4, '2020-01-01'),
(13, 2, 1, '2020-01-02'),
(14, 3, 1, '2020-01-02'),
(15, 2, 1, '2020-01-02'),
(16, 2, 2, '2020-01-02'),
(17, 2, 2, '2020-01-02'),
(18, 1, 2, '2020-01-02'),
(19, 3, 3, '2020-01-02'),
(20, 1, 3, '2020-01-02'),
(21, 2, 3, '2020-01-02'),
(22, 1, 4, '2020-01-02'),
(23, 1, 4, '2020-01-02'),
(24, 1, 4, '2020-01-02'),
(25, 1, 1, '2020-01-03'),
(26, 2, 1, '2020-01-03'),
(27, 1, 1, '2020-01-03'),
(28, 2, 2, '2020-01-03'),
(29, 1, 2, '2020-01-03'),
(30, 3, 2, '2020-01-03'),
(31, 2, 3, '2020-01-03'),
(32, 1, 3, '2020-01-03'),
(33, 2, 3, '2020-01-03'),
(34, 1, 4, '2020-01-03'),
(35, 3, 4, '2020-01-03'),
(36, 2, 4, '2020-01-03'),
(37, 2, 1, '2020-01-04'),
(38, 3, 1, '2020-01-04'),
(39, 1, 1, '2020-01-04'),
(40, 3, 2, '2020-01-04'),
(41, 3, 2, '2020-01-04'),
(42, 1, 2, '2020-01-04'),
(43, 2, 3, '2020-01-04'),
(44, 2, 3, '2020-01-04'),
(45, 2, 3, '2020-01-04'),
(46, 3, 4, '2020-01-04'),
(47, 2, 4, '2020-01-04'),
(48, 1, 4, '2020-01-04'),
(49, 1, 1, '2020-01-05'),
(50, 3, 1, '2020-01-05'),
(51, 1, 1, '2020-01-05'),
(52, 2, 2, '2020-01-05'),
(53, 1, 2, '2020-01-05'),
(54, 3, 2, '2020-01-05'),
(55, 2, 3, '2020-01-05'),
(56, 3, 3, '2020-01-05'),
(57, 3, 3, '2020-01-05'),
(58, 3, 4, '2020-01-05'),
(59, 1, 4, '2020-01-05'),
(60, 1, 4, '2020-01-05'),
(61, 1, 1, '2020-01-06'),
(62, 1, 1, '2020-01-06'),
(63, 2, 1, '2020-01-06'),
(64, 2, 2, '2020-01-06'),
(65, 2, 2, '2020-01-06'),
(66, 1, 2, '2020-01-06'),
(67, 2, 3, '2020-01-06'),
(68, 1, 3, '2020-01-06'),
(69, 1, 3, '2020-01-06'),
(70, 1, 4, '2020-01-06'),
(71, 1, 4, '2020-01-06'),
(72, 3, 4, '2020-01-06'),
(73, 1, 1, '2020-01-07'),
(74, 1, 1, '2020-01-07'),
(75, 3, 1, '2020-01-07'),
(76, 2, 2, '2020-01-07'),
(77, 3, 2, '2020-01-07'),
(78, 2, 2, '2020-01-07'),
(79, 3, 3, '2020-01-07'),
(80, 3, 3, '2020-01-07'),
(81, 3, 3, '2020-01-07'),
(82, 2, 4, '2020-01-07'),
(83, 2, 4, '2020-01-07'),
(84, 3, 4, '2020-01-07'),
(85, 3, 1, '2020-01-08'),
(86, 1, 1, '2020-01-08'),
(87, 2, 1, '2020-01-08'),
(88, 3, 2, '2020-01-08'),
(89, 1, 2, '2020-01-08'),
(90, 3, 2, '2020-01-08'),
(91, 3, 3, '2020-01-08'),
(92, 2, 3, '2020-01-08'),
(93, 3, 3, '2020-01-08'),
(94, 3, 4, '2020-01-08'),
(95, 2, 4, '2020-01-08'),
(96, 3, 4, '2020-01-08'),
(97, 3, 1, '2020-01-09'),
(98, 2, 1, '2020-01-09'),
(99, 2, 1, '2020-01-09'),
(100, 2, 2, '2020-01-09'),
(101, 1, 2, '2020-01-09'),
(102, 2, 2, '2020-01-09'),
(103, 2, 3, '2020-01-09'),
(104, 1, 3, '2020-01-09'),
(105, 1, 3, '2020-01-09'),
(106, 3, 4, '2020-01-09'),
(107, 2, 4, '2020-01-09'),
(108, 3, 4, '2020-01-09'),
(109, 2, 1, '2020-01-10'),
(110, 1, 1, '2020-01-10'),
(111, 3, 1, '2020-01-10'),
(112, 2, 2, '2020-01-10'),
(113, 2, 2, '2020-01-10'),
(114, 3, 2, '2020-01-10'),
(115, 2, 3, '2020-01-10'),
(116, 3, 3, '2020-01-10'),
(117, 3, 3, '2020-01-10'),
(118, 1, 4, '2020-01-10'),
(119, 1, 4, '2020-01-10'),
(120, 2, 4, '2020-01-10'),
(121, 3, 1, '2020-01-11'),
(122, 2, 1, '2020-01-11'),
(123, 1, 1, '2020-01-11'),
(124, 2, 2, '2020-01-11'),
(125, 3, 2, '2020-01-11'),
(126, 1, 2, '2020-01-11'),
(127, 1, 3, '2020-01-11'),
(128, 3, 3, '2020-01-11'),
(129, 3, 3, '2020-01-11'),
(130, 1, 4, '2020-01-11'),
(131, 3, 4, '2020-01-11'),
(132, 2, 4, '2020-01-11'),
(133, 1, 1, '2020-01-12'),
(134, 3, 1, '2020-01-12'),
(135, 2, 1, '2020-01-12'),
(136, 2, 2, '2020-01-12'),
(137, 1, 2, '2020-01-12'),
(138, 1, 2, '2020-01-12'),
(139, 2, 3, '2020-01-12'),
(140, 1, 3, '2020-01-12'),
(141, 1, 3, '2020-01-12'),
(142, 2, 4, '2020-01-12'),
(143, 2, 4, '2020-01-12'),
(144, 2, 4, '2020-01-12'),
(145, 2, 1, '2020-01-13'),
(146, 1, 1, '2020-01-13'),
(147, 2, 1, '2020-01-13'),
(148, 1, 2, '2020-01-13'),
(149, 3, 2, '2020-01-13'),
(150, 2, 2, '2020-01-13'),
(151, 2, 3, '2020-01-13'),
(152, 3, 3, '2020-01-13'),
(153, 3, 3, '2020-01-13'),
(154, 2, 4, '2020-01-13'),
(155, 3, 4, '2020-01-13'),
(156, 3, 4, '2020-01-13'),
(157, 1, 1, '2020-01-14'),
(158, 1, 1, '2020-01-14'),
(159, 2, 1, '2020-01-14'),
(160, 1, 2, '2020-01-14'),
(161, 1, 2, '2020-01-14'),
(162, 2, 2, '2020-01-14'),
(163, 2, 3, '2020-01-14'),
(164, 1, 3, '2020-01-14'),
(165, 1, 3, '2020-01-14'),
(166, 3, 4, '2020-01-14'),
(167, 3, 4, '2020-01-14'),
(168, 3, 4, '2020-01-14'),
(169, 2, 1, '2020-01-15'),
(170, 3, 1, '2020-01-15'),
(171, 2, 1, '2020-01-15'),
(172, 2, 2, '2020-01-15'),
(173, 3, 2, '2020-01-15'),
(174, 2, 2, '2020-01-15'),
(175, 2, 3, '2020-01-15'),
(176, 1, 3, '2020-01-15'),
(177, 2, 3, '2020-01-15'),
(178, 3, 4, '2020-01-15'),
(179, 2, 4, '2020-01-15'),
(180, 2, 4, '2020-01-15'),
(181, 1, 1, '2020-01-16'),
(182, 2, 1, '2020-01-16'),
(183, 2, 1, '2020-01-16'),
(184, 1, 2, '2020-01-16'),
(185, 3, 2, '2020-01-16'),
(186, 3, 2, '2020-01-16'),
(187, 1, 3, '2020-01-16'),
(188, 1, 3, '2020-01-16'),
(189, 1, 3, '2020-01-16'),
(190, 2, 4, '2020-01-16'),
(191, 2, 4, '2020-01-16'),
(192, 2, 4, '2020-01-16'),
(193, 1, 1, '2020-01-17'),
(194, 1, 1, '2020-01-17'),
(195, 1, 1, '2020-01-17'),
(196, 2, 2, '2020-01-17'),
(197, 1, 2, '2020-01-17'),
(198, 3, 2, '2020-01-17'),
(199, 2, 3, '2020-01-17'),
(200, 2, 3, '2020-01-17'),
(201, 2, 3, '2020-01-17'),
(202, 1, 4, '2020-01-17'),
(203, 3, 4, '2020-01-17'),
(204, 2, 4, '2020-01-17'),
(205, 2, 1, '2020-01-18'),
(206, 1, 1, '2020-01-18'),
(207, 1, 1, '2020-01-18'),
(208, 2, 2, '2020-01-18'),
(209, 1, 2, '2020-01-18'),
(210, 3, 2, '2020-01-18'),
(211, 1, 3, '2020-01-18'),
(212, 1, 3, '2020-01-18'),
(213, 3, 3, '2020-01-18'),
(214, 3, 4, '2020-01-18'),
(215, 3, 4, '2020-01-18'),
(216, 1, 4, '2020-01-18'),
(217, 1, 1, '2020-01-19'),
(218, 2, 1, '2020-01-19'),
(219, 3, 1, '2020-01-19'),
(220, 1, 2, '2020-01-19'),
(221, 3, 2, '2020-01-19'),
(222, 2, 2, '2020-01-19'),
(223, 3, 3, '2020-01-19'),
(224, 3, 3, '2020-01-19'),
(225, 2, 3, '2020-01-19'),
(226, 2, 4, '2020-01-19'),
(227, 1, 4, '2020-01-19'),
(228, 1, 4, '2020-01-19'),
(229, 1, 1, '2020-01-20'),
(230, 3, 1, '2020-01-20'),
(231, 1, 1, '2020-01-20'),
(232, 1, 2, '2020-01-20'),
(233, 2, 2, '2020-01-20'),
(234, 1, 2, '2020-01-20'),
(235, 1, 3, '2020-01-20'),
(236, 3, 3, '2020-01-20'),
(237, 2, 3, '2020-01-20'),
(238, 1, 4, '2020-01-20'),
(239, 2, 4, '2020-01-20'),
(240, 3, 4, '2020-01-20'),
(241, 3, 1, '2020-01-21'),
(242, 3, 1, '2020-01-21'),
(243, 3, 1, '2020-01-21'),
(244, 1, 2, '2020-01-21'),
(245, 1, 2, '2020-01-21'),
(246, 2, 2, '2020-01-21'),
(247, 3, 3, '2020-01-21'),
(248, 2, 3, '2020-01-21'),
(249, 3, 3, '2020-01-21'),
(250, 3, 4, '2020-01-21'),
(251, 1, 4, '2020-01-21'),
(252, 3, 4, '2020-01-21'),
(253, 2, 1, '2020-01-22'),
(254, 2, 1, '2020-01-22'),
(255, 2, 1, '2020-01-22'),
(256, 3, 2, '2020-01-22'),
(257, 1, 2, '2020-01-22'),
(258, 3, 2, '2020-01-22'),
(259, 2, 3, '2020-01-22'),
(260, 3, 3, '2020-01-22'),
(261, 3, 3, '2020-01-22'),
(262, 1, 4, '2020-01-22'),
(263, 3, 4, '2020-01-22'),
(264, 3, 4, '2020-01-22'),
(265, 1, 1, '2020-01-23'),
(266, 2, 1, '2020-01-23'),
(267, 1, 1, '2020-01-23'),
(268, 2, 2, '2020-01-23'),
(269, 3, 2, '2020-01-23'),
(270, 3, 2, '2020-01-23'),
(271, 3, 3, '2020-01-23'),
(272, 1, 3, '2020-01-23'),
(273, 2, 3, '2020-01-23'),
(274, 3, 4, '2020-01-23'),
(275, 1, 4, '2020-01-23'),
(276, 1, 4, '2020-01-23'),
(277, 2, 1, '2020-01-24'),
(278, 3, 1, '2020-01-24'),
(279, 2, 1, '2020-01-24'),
(280, 3, 2, '2020-01-24'),
(281, 2, 2, '2020-01-24'),
(282, 1, 2, '2020-01-24'),
(283, 1, 3, '2020-01-24'),
(284, 3, 3, '2020-01-24'),
(285, 1, 3, '2020-01-24'),
(286, 1, 4, '2020-01-24'),
(287, 1, 4, '2020-01-24'),
(288, 1, 4, '2020-01-24'),
(289, 2, 1, '2020-01-25'),
(290, 1, 1, '2020-01-25'),
(291, 1, 1, '2020-01-25'),
(292, 3, 2, '2020-01-25'),
(293, 2, 2, '2020-01-25'),
(294, 1, 2, '2020-01-25'),
(295, 1, 3, '2020-01-25'),
(296, 3, 3, '2020-01-25'),
(297, 2, 3, '2020-01-25'),
(298, 2, 4, '2020-01-25'),
(299, 2, 4, '2020-01-25'),
(300, 3, 4, '2020-01-25'),
(301, 2, 1, '2020-01-26'),
(302, 3, 1, '2020-01-26'),
(303, 1, 1, '2020-01-26'),
(304, 2, 2, '2020-01-26'),
(305, 1, 2, '2020-01-26'),
(306, 2, 2, '2020-01-26'),
(307, 3, 3, '2020-01-26'),
(308, 3, 3, '2020-01-26'),
(309, 3, 3, '2020-01-26'),
(310, 2, 4, '2020-01-26'),
(311, 1, 4, '2020-01-26'),
(312, 2, 4, '2020-01-26'),
(313, 2, 1, '2020-01-27'),
(314, 3, 1, '2020-01-27'),
(315, 2, 1, '2020-01-27'),
(316, 3, 2, '2020-01-27'),
(317, 3, 2, '2020-01-27'),
(318, 2, 2, '2020-01-27'),
(319, 1, 3, '2020-01-27'),
(320, 1, 3, '2020-01-27'),
(321, 1, 3, '2020-01-27'),
(322, 2, 4, '2020-01-27'),
(323, 3, 4, '2020-01-27'),
(324, 2, 4, '2020-01-27'),
(325, 3, 1, '2020-01-28'),
(326, 3, 1, '2020-01-28'),
(327, 1, 1, '2020-01-28'),
(328, 1, 2, '2020-01-28'),
(329, 1, 2, '2020-01-28'),
(330, 2, 2, '2020-01-28'),
(331, 1, 3, '2020-01-28'),
(332, 1, 3, '2020-01-28'),
(333, 3, 3, '2020-01-28'),
(334, 2, 4, '2020-01-28'),
(335, 2, 4, '2020-01-28'),
(336, 1, 4, '2020-01-28'),
(337, 2, 1, '2020-01-29'),
(338, 1, 1, '2020-01-29'),
(339, 1, 1, '2020-01-29'),
(340, 3, 2, '2020-01-29'),
(341, 2, 2, '2020-01-29'),
(342, 2, 2, '2020-01-29'),
(343, 2, 3, '2020-01-29'),
(344, 2, 3, '2020-01-29'),
(345, 2, 3, '2020-01-29'),
(346, 3, 4, '2020-01-29'),
(347, 1, 4, '2020-01-29'),
(348, 3, 4, '2020-01-29'),
(349, 1, 1, '2020-01-30'),
(350, 1, 1, '2020-01-30'),
(351, 3, 1, '2020-01-30'),
(352, 2, 2, '2020-01-30'),
(353, 3, 2, '2020-01-30'),
(354, 1, 2, '2020-01-30'),
(355, 1, 3, '2020-01-30'),
(356, 1, 3, '2020-01-30'),
(357, 3, 3, '2020-01-30'),
(358, 1, 4, '2020-01-30'),
(359, 2, 4, '2020-01-30'),
(360, 3, 4, '2020-01-30'),
(361, 3, 1, '2020-01-31'),
(362, 2, 1, '2020-01-31'),
(363, 1, 1, '2020-01-31'),
(364, 1, 2, '2020-01-31'),
(365, 2, 2, '2020-01-31'),
(366, 2, 2, '2020-01-31'),
(367, 3, 3, '2020-01-31'),
(368, 3, 3, '2020-01-31'),
(369, 3, 3, '2020-01-31'),
(370, 1, 4, '2020-01-31'),
(371, 3, 4, '2020-01-31'),
(372, 1, 4, '2020-01-31'),
(373, 1, 3, '2020-02-04'),
(374, 2, 4, '2020-02-04'),
(375, 2, 3, '2020-02-05'),
(376, 3, 3, '2020-02-05'),
(377, 1, 3, '2020-02-05'),
(378, 2, 3, '2020-02-05'),
(379, 1, 4, '2020-02-05'),
(380, 2, 2, '2020-02-05'),
(381, 1, 3, '2020-02-05'),
(382, 3, 4, '2020-02-05'),
(383, 1, 2, '2020-02-05'),
(384, 1, 4, '2020-02-05'),
(385, 1, 1, '2020-02-06'),
(386, 1, 3, '2020-02-06'),
(387, 3, 2, '2020-02-07'),
(388, 2, 1, '2020-02-01'),
(389, 2, 1, '2020-02-01'),
(390, 3, 1, '2020-02-01'),
(391, 2, 2, '2020-02-01'),
(392, 2, 2, '2020-02-01'),
(393, 2, 2, '2020-02-01'),
(394, 2, 3, '2020-02-01'),
(395, 1, 3, '2020-02-01'),
(396, 2, 3, '2020-02-01'),
(397, 1, 4, '2020-02-01'),
(398, 2, 4, '2020-02-01'),
(399, 1, 4, '2020-02-01'),
(400, 2, 1, '2020-02-02'),
(401, 3, 1, '2020-02-02'),
(402, 3, 1, '2020-02-02'),
(403, 2, 2, '2020-02-02'),
(404, 2, 2, '2020-02-02'),
(405, 2, 2, '2020-02-02'),
(406, 2, 3, '2020-02-02'),
(407, 3, 3, '2020-02-02'),
(408, 1, 3, '2020-02-02'),
(409, 1, 4, '2020-02-02'),
(410, 3, 4, '2020-02-02'),
(411, 3, 4, '2020-02-02'),
(412, 2, 1, '2020-02-03'),
(413, 3, 1, '2020-02-03'),
(414, 1, 1, '2020-02-03'),
(415, 3, 2, '2020-02-03'),
(416, 2, 2, '2020-02-03'),
(417, 3, 2, '2020-02-03'),
(418, 2, 3, '2020-02-03'),
(419, 3, 3, '2020-02-03'),
(420, 3, 3, '2020-02-03'),
(421, 1, 4, '2020-02-03'),
(422, 2, 4, '2020-02-03'),
(423, 1, 4, '2020-02-03'),
(424, 3, 1, '2020-02-04'),
(425, 1, 1, '2020-02-04'),
(426, 1, 1, '2020-02-04'),
(427, 3, 2, '2020-02-04'),
(428, 3, 2, '2020-02-04'),
(429, 2, 2, '2020-02-04'),
(430, 2, 3, '2020-02-04'),
(431, 2, 3, '2020-02-04'),
(432, 2, 3, '2020-02-04'),
(433, 1, 4, '2020-02-04'),
(434, 3, 4, '2020-02-04'),
(435, 2, 4, '2020-02-04'),
(436, 2, 1, '2020-02-05'),
(437, 1, 1, '2020-02-05'),
(438, 3, 1, '2020-02-05'),
(439, 3, 2, '2020-02-05'),
(440, 3, 2, '2020-02-05'),
(441, 3, 2, '2020-02-05'),
(442, 3, 3, '2020-02-05'),
(443, 1, 3, '2020-02-05'),
(444, 2, 3, '2020-02-05'),
(445, 3, 4, '2020-02-05'),
(446, 3, 4, '2020-02-05'),
(447, 2, 4, '2020-02-05'),
(448, 1, 1, '2020-02-06'),
(449, 2, 1, '2020-02-06'),
(450, 2, 1, '2020-02-06'),
(451, 1, 2, '2020-02-06'),
(452, 1, 2, '2020-02-06'),
(453, 1, 2, '2020-02-06'),
(454, 3, 3, '2020-02-06'),
(455, 1, 3, '2020-02-06'),
(456, 1, 3, '2020-02-06'),
(457, 2, 4, '2020-02-06'),
(458, 3, 4, '2020-02-06'),
(459, 2, 4, '2020-02-06'),
(460, 2, 1, '2020-02-07'),
(461, 2, 1, '2020-02-07'),
(462, 1, 1, '2020-02-07'),
(463, 3, 2, '2020-02-07'),
(464, 2, 2, '2020-02-07'),
(465, 3, 2, '2020-02-07'),
(466, 2, 3, '2020-02-07'),
(467, 2, 3, '2020-02-07'),
(468, 1, 3, '2020-02-07'),
(469, 1, 4, '2020-02-07'),
(470, 1, 4, '2020-02-07'),
(471, 3, 4, '2020-02-07'),
(472, 2, 1, '2020-02-08'),
(473, 3, 1, '2020-02-08'),
(474, 1, 1, '2020-02-08'),
(475, 2, 2, '2020-02-08'),
(476, 3, 2, '2020-02-08'),
(477, 3, 2, '2020-02-08'),
(478, 3, 3, '2020-02-08'),
(479, 2, 3, '2020-02-08'),
(480, 3, 3, '2020-02-08'),
(481, 1, 4, '2020-02-08'),
(482, 3, 4, '2020-02-08'),
(483, 1, 4, '2020-02-08'),
(484, 1, 1, '2020-02-09'),
(485, 1, 1, '2020-02-09'),
(486, 1, 1, '2020-02-09'),
(487, 2, 2, '2020-02-09'),
(488, 3, 2, '2020-02-09'),
(489, 3, 2, '2020-02-09'),
(490, 2, 3, '2020-02-09'),
(491, 2, 3, '2020-02-09'),
(492, 1, 3, '2020-02-09'),
(493, 1, 4, '2020-02-09'),
(494, 3, 4, '2020-02-09'),
(495, 3, 4, '2020-02-09'),
(496, 1, 1, '2020-02-10'),
(497, 2, 1, '2020-02-10'),
(498, 2, 1, '2020-02-10'),
(499, 1, 2, '2020-02-10'),
(500, 2, 2, '2020-02-10'),
(501, 2, 2, '2020-02-10'),
(502, 1, 3, '2020-02-10'),
(503, 3, 3, '2020-02-10'),
(504, 3, 3, '2020-02-10'),
(505, 1, 4, '2020-02-10'),
(506, 1, 4, '2020-02-10'),
(507, 1, 4, '2020-02-10'),
(508, 3, 1, '2020-02-11'),
(509, 2, 1, '2020-02-11'),
(510, 1, 1, '2020-02-11'),
(511, 3, 2, '2020-02-11'),
(512, 1, 2, '2020-02-11'),
(513, 3, 2, '2020-02-11'),
(514, 2, 3, '2020-02-11'),
(515, 1, 3, '2020-02-11'),
(516, 1, 3, '2020-02-11'),
(517, 1, 4, '2020-02-11'),
(518, 1, 4, '2020-02-11'),
(519, 3, 4, '2020-02-11'),
(520, 2, 1, '2020-02-12'),
(521, 1, 1, '2020-02-12'),
(522, 2, 1, '2020-02-12'),
(523, 1, 2, '2020-02-12'),
(524, 1, 2, '2020-02-12'),
(525, 2, 2, '2020-02-12'),
(526, 3, 3, '2020-02-12'),
(527, 3, 3, '2020-02-12'),
(528, 1, 3, '2020-02-12'),
(529, 2, 4, '2020-02-12'),
(530, 1, 4, '2020-02-12'),
(531, 1, 4, '2020-02-12'),
(532, 1, 1, '2020-02-13'),
(533, 1, 1, '2020-02-13'),
(534, 3, 1, '2020-02-13'),
(535, 2, 2, '2020-02-13'),
(536, 2, 2, '2020-02-13'),
(537, 1, 2, '2020-02-13'),
(538, 2, 3, '2020-02-13'),
(539, 2, 3, '2020-02-13'),
(540, 3, 3, '2020-02-13'),
(541, 1, 4, '2020-02-13'),
(542, 1, 4, '2020-02-13'),
(543, 3, 4, '2020-02-13'),
(544, 3, 1, '2020-02-14'),
(545, 3, 1, '2020-02-14'),
(546, 2, 1, '2020-02-14'),
(547, 2, 2, '2020-02-14'),
(548, 2, 2, '2020-02-14'),
(549, 3, 2, '2020-02-14'),
(550, 2, 3, '2020-02-14'),
(551, 2, 3, '2020-02-14'),
(552, 2, 3, '2020-02-14'),
(553, 2, 4, '2020-02-14'),
(554, 2, 4, '2020-02-14'),
(555, 2, 4, '2020-02-14'),
(556, 2, 1, '2020-02-15'),
(557, 3, 1, '2020-02-15'),
(558, 2, 1, '2020-02-15'),
(559, 3, 2, '2020-02-15'),
(560, 1, 2, '2020-02-15'),
(561, 3, 2, '2020-02-15'),
(562, 2, 3, '2020-02-15'),
(563, 3, 3, '2020-02-15'),
(564, 2, 3, '2020-02-15'),
(565, 2, 4, '2020-02-15'),
(566, 3, 4, '2020-02-15'),
(567, 1, 4, '2020-02-15'),
(568, 2, 1, '2020-02-16'),
(569, 2, 1, '2020-02-16'),
(570, 2, 1, '2020-02-16'),
(571, 2, 2, '2020-02-16'),
(572, 1, 2, '2020-02-16'),
(573, 1, 2, '2020-02-16'),
(574, 3, 3, '2020-02-16'),
(575, 1, 3, '2020-02-16'),
(576, 3, 3, '2020-02-16'),
(577, 2, 4, '2020-02-16'),
(578, 1, 4, '2020-02-16'),
(579, 3, 4, '2020-02-16'),
(580, 2, 1, '2020-02-17'),
(581, 2, 1, '2020-02-17'),
(582, 3, 1, '2020-02-17'),
(583, 3, 2, '2020-02-17'),
(584, 1, 2, '2020-02-17'),
(585, 2, 2, '2020-02-17'),
(586, 2, 3, '2020-02-17'),
(587, 1, 3, '2020-02-17'),
(588, 2, 3, '2020-02-17'),
(589, 1, 4, '2020-02-17'),
(590, 2, 4, '2020-02-17'),
(591, 3, 4, '2020-02-17'),
(592, 3, 1, '2020-02-18'),
(593, 1, 1, '2020-02-18'),
(594, 2, 1, '2020-02-18'),
(595, 2, 2, '2020-02-18'),
(596, 3, 2, '2020-02-18'),
(597, 1, 2, '2020-02-18'),
(598, 2, 3, '2020-02-18'),
(599, 1, 3, '2020-02-18'),
(600, 3, 3, '2020-02-18'),
(601, 3, 4, '2020-02-18'),
(602, 2, 4, '2020-02-18'),
(603, 3, 4, '2020-02-18'),
(604, 2, 1, '2020-02-19'),
(605, 3, 1, '2020-02-19'),
(606, 3, 1, '2020-02-19'),
(607, 3, 2, '2020-02-19'),
(608, 2, 2, '2020-02-19'),
(609, 1, 2, '2020-02-19'),
(610, 3, 3, '2020-02-19'),
(611, 1, 3, '2020-02-19'),
(612, 1, 3, '2020-02-19'),
(613, 1, 4, '2020-02-19'),
(614, 1, 4, '2020-02-19'),
(615, 2, 4, '2020-02-19'),
(616, 1, 1, '2020-02-20'),
(617, 3, 1, '2020-02-20'),
(618, 3, 1, '2020-02-20'),
(619, 1, 2, '2020-02-20'),
(620, 1, 2, '2020-02-20'),
(621, 3, 2, '2020-02-20'),
(622, 3, 3, '2020-02-20'),
(623, 3, 3, '2020-02-20'),
(624, 3, 3, '2020-02-20'),
(625, 1, 4, '2020-02-20'),
(626, 1, 4, '2020-02-20'),
(627, 3, 4, '2020-02-20'),
(628, 3, 1, '2020-02-21'),
(629, 3, 1, '2020-02-21'),
(630, 2, 1, '2020-02-21'),
(631, 3, 2, '2020-02-21'),
(632, 1, 2, '2020-02-21'),
(633, 3, 2, '2020-02-21'),
(634, 3, 3, '2020-02-21'),
(635, 2, 3, '2020-02-21'),
(636, 1, 3, '2020-02-21'),
(637, 1, 4, '2020-02-21'),
(638, 2, 4, '2020-02-21'),
(639, 2, 4, '2020-02-21'),
(640, 1, 1, '2020-02-22'),
(641, 2, 1, '2020-02-22'),
(642, 2, 1, '2020-02-22'),
(643, 3, 2, '2020-02-22'),
(644, 2, 2, '2020-02-22'),
(645, 1, 2, '2020-02-22'),
(646, 2, 3, '2020-02-22'),
(647, 1, 3, '2020-02-22'),
(648, 2, 3, '2020-02-22'),
(649, 3, 4, '2020-02-22'),
(650, 1, 4, '2020-02-22'),
(651, 2, 4, '2020-02-22'),
(652, 3, 1, '2020-02-23'),
(653, 1, 1, '2020-02-23'),
(654, 3, 1, '2020-02-23'),
(655, 1, 2, '2020-02-23'),
(656, 2, 2, '2020-02-23'),
(657, 1, 2, '2020-02-23'),
(658, 1, 3, '2020-02-23'),
(659, 3, 3, '2020-02-23'),
(660, 3, 3, '2020-02-23'),
(661, 1, 4, '2020-02-23'),
(662, 1, 4, '2020-02-23'),
(663, 2, 4, '2020-02-23'),
(664, 2, 1, '2020-02-24'),
(665, 1, 1, '2020-02-24'),
(666, 2, 1, '2020-02-24'),
(667, 3, 2, '2020-02-24'),
(668, 2, 2, '2020-02-24'),
(669, 1, 2, '2020-02-24'),
(670, 3, 3, '2020-02-24'),
(671, 3, 3, '2020-02-24'),
(672, 2, 3, '2020-02-24'),
(673, 1, 4, '2020-02-24'),
(674, 1, 4, '2020-02-24'),
(675, 1, 4, '2020-02-24'),
(676, 1, 1, '2020-02-25'),
(677, 1, 1, '2020-02-25'),
(678, 1, 1, '2020-02-25'),
(679, 3, 2, '2020-02-25'),
(680, 2, 2, '2020-02-25'),
(681, 1, 2, '2020-02-25'),
(682, 1, 3, '2020-02-25'),
(683, 1, 3, '2020-02-25'),
(684, 1, 3, '2020-02-25'),
(685, 3, 4, '2020-02-25'),
(686, 1, 4, '2020-02-25'),
(687, 2, 4, '2020-02-25'),
(688, 1, 1, '2020-02-26'),
(689, 2, 1, '2020-02-26'),
(690, 2, 1, '2020-02-26'),
(691, 2, 2, '2020-02-26'),
(692, 2, 2, '2020-02-26'),
(693, 2, 2, '2020-02-26'),
(694, 3, 3, '2020-02-26'),
(695, 1, 3, '2020-02-26'),
(696, 2, 3, '2020-02-26'),
(697, 3, 4, '2020-02-26'),
(698, 3, 4, '2020-02-26'),
(699, 3, 4, '2020-02-26'),
(700, 2, 1, '2020-02-27'),
(701, 1, 1, '2020-02-27'),
(702, 1, 1, '2020-02-27'),
(703, 3, 2, '2020-02-27'),
(704, 2, 2, '2020-02-27'),
(705, 2, 2, '2020-02-27'),
(706, 3, 3, '2020-02-27'),
(707, 1, 3, '2020-02-27'),
(708, 3, 3, '2020-02-27'),
(709, 2, 4, '2020-02-27'),
(710, 3, 4, '2020-02-27'),
(711, 3, 4, '2020-02-27'),
(712, 3, 1, '2020-02-28'),
(713, 1, 1, '2020-02-28'),
(714, 1, 1, '2020-02-28'),
(715, 3, 2, '2020-02-28'),
(716, 2, 2, '2020-02-28'),
(717, 2, 2, '2020-02-28'),
(718, 2, 3, '2020-02-28'),
(719, 3, 3, '2020-02-28'),
(720, 3, 3, '2020-02-28'),
(721, 1, 4, '2020-02-28'),
(722, 1, 4, '2020-02-28'),
(723, 1, 4, '2020-02-28'),
(724, 2, 1, '2020-02-29'),
(725, 1, 1, '2020-02-29'),
(726, 1, 1, '2020-02-29'),
(727, 1, 2, '2020-02-29'),
(728, 3, 2, '2020-02-29'),
(729, 2, 2, '2020-02-29'),
(730, 3, 3, '2020-02-29'),
(731, 3, 3, '2020-02-29'),
(732, 1, 3, '2020-02-29'),
(733, 2, 4, '2020-02-29'),
(734, 1, 4, '2020-02-29'),
(735, 3, 4, '2020-02-29'),
(736, 3, 3, '2020-02-07'),
(737, 1, 4, '2020-02-07'),
(740, 1, 4, '2020-02-07'),
(742, 1, 4, '2020-02-07'),
(744, 1, 4, '2020-02-07'),
(745, 2, 2, '2020-02-10'),
(746, 3, 3, '2020-02-10'),
(747, 2, 4, '2020-02-10');

--
-- Index pour les tables exportées
--

--
-- Index pour la table `Employe`
--
ALTER TABLE `Employe`
  ADD PRIMARY KEY (`id_Employe`),
  ADD UNIQUE KEY `utilisateur_UNIQUE` (`utilisateur`);

--
-- Index pour la table `has_voted`
--
ALTER TABLE `has_voted`
  ADD PRIMARY KEY (`id_employe`,`vote_date`);

--
-- Index pour la table `Humeur`
--
ALTER TABLE `Humeur`
  ADD PRIMARY KEY (`id_humeur`);

--
-- Index pour la table `Service`
--
ALTER TABLE `Service`
  ADD PRIMARY KEY (`id_service`);

--
-- Index pour la table `Vote`
--
ALTER TABLE `Vote`
  ADD PRIMARY KEY (`id_vote`);

--
-- AUTO_INCREMENT pour les tables exportées
--

--
-- AUTO_INCREMENT pour la table `Employe`
--
ALTER TABLE `Employe`
  MODIFY `id_Employe` int(11) NOT NULL AUTO_INCREMENT, AUTO_INCREMENT=7;
--
-- AUTO_INCREMENT pour la table `Humeur`
--
ALTER TABLE `Humeur`
  MODIFY `id_humeur` int(11) NOT NULL AUTO_INCREMENT, AUTO_INCREMENT=4;
--
-- AUTO_INCREMENT pour la table `Service`
--
ALTER TABLE `Service`
  MODIFY `id_service` int(11) NOT NULL AUTO_INCREMENT, AUTO_INCREMENT=5;
--
-- AUTO_INCREMENT pour la table `Vote`
--
ALTER TABLE `Vote`
  MODIFY `id_vote` int(11) NOT NULL AUTO_INCREMENT, AUTO_INCREMENT=748;
/*!40101 SET CHARACTER_SET_CLIENT=@OLD_CHARACTER_SET_CLIENT */;
/*!40101 SET CHARACTER_SET_RESULTS=@OLD_CHARACTER_SET_RESULTS */;
/*!40101 SET COLLATION_CONNECTION=@OLD_COLLATION_CONNECTION */;
