-- phpMyAdmin SQL Dump
-- version 4.6.6deb5
-- https://www.phpmyadmin.net/
--
-- Client :  localhost:3306
-- Généré le :  Mer 29 Janvier 2020 à 20:22
-- Version du serveur :  10.3.21-MariaDB-1:10.3.21+maria~bionic-log
-- Version de PHP :  7.2.24-0ubuntu0.18.04.2

SET SQL_MODE = "NO_AUTO_VALUE_ON_ZERO";
SET time_zone = "+00:00";


/*!40101 SET @OLD_CHARACTER_SET_CLIENT=@@CHARACTER_SET_CLIENT */;
/*!40101 SET @OLD_CHARACTER_SET_RESULTS=@@CHARACTER_SET_RESULTS */;
/*!40101 SET @OLD_COLLATION_CONNECTION=@@COLLATION_CONNECTION */;
/*!40101 SET NAMES utf8mb4 */;

--
-- Base de données :  `softrh2`
--

-- --------------------------------------------------------

--
-- Structure de la table `Employe`
--

CREATE TABLE `Employe` (
  `id_Employe` int(11) NOT NULL,
  `utilisateur` varchar(20) NOT NULL,
  `mdp` varchar(255) NOT NULL,
  `admin` varchar(5) NOT NULL
) ENGINE=InnoDB DEFAULT CHARSET=utf8;

--
-- Contenu de la table `Employe`
--

INSERT INTO `Employe` (`id_Employe`, `utilisateur`, `mdp`, `admin`) VALUES
(1, 'admin1', '*A4B6157319038724E3560894F7F932C8886EBFCF', 'true'),
(2, 'person1', '*C05C68552A6E2FC59ECC2FF0C50D51BB930F47FC', 'false');

-- --------------------------------------------------------

--
-- Structure de la table `has_voted`
--

CREATE TABLE `has_voted` (
  `id_has_voted` int(11) NOT NULL,
  `id_employe` int(11) NOT NULL,
  `vote_date` date DEFAULT NULL
) ENGINE=InnoDB DEFAULT CHARSET=utf8;

-- --------------------------------------------------------

--
-- Structure de la table `Humeur`
--

CREATE TABLE `Humeur` (
  `id_humeur` int(11) NOT NULL,
  `nom_humeur` varchar(45) NOT NULL,
  `icon_url` varchar(255) DEFAULT NULL
) ENGINE=InnoDB DEFAULT CHARSET=utf8;

--
-- Contenu de la table `Humeur`
--

INSERT INTO `Humeur` (`id_humeur`, `nom_humeur`, `icon_url`) VALUES
(1, 'heureux', NULL),
(2, 'fatigue', NULL),
(3, 'stresse', NULL);

-- --------------------------------------------------------

--
-- Structure de la table `Service`
--

CREATE TABLE `Service` (
  `id_service` int(11) NOT NULL,
  `nom_service` varchar(255) NOT NULL
) ENGINE=InnoDB DEFAULT CHARSET=utf8;

--
-- Contenu de la table `Service`
--

INSERT INTO `Service` (`id_service`, `nom_service`) VALUES
(1, 'comptabilite'),
(2, 'juridique'),
(3, 'secretariat'),
(4, 'logistique');

-- --------------------------------------------------------

--
-- Structure de la table `Vote`
--

CREATE TABLE `Vote` (
  `id_vote` int(11) NOT NULL,
  `id_humeur` int(11) NOT NULL,
  `id_service` int(11) NOT NULL,
  `vote_date` date NOT NULL
) ENGINE=InnoDB DEFAULT CHARSET=utf8;

--
-- Contenu de la table `Vote`
--

INSERT INTO `Vote` (`id_vote`, `id_humeur`, `id_service`, `vote_date`) VALUES
(1, 3, 1, '2020-01-01'),
(2, 3, 1, '2020-01-01'),
(3, 2, 1, '2020-01-01'),
(4, 1, 2, '2020-01-01'),
(5, 3, 2, '2020-01-01'),
(6, 1, 2, '2020-01-01'),
(7, 1, 3, '2020-01-01'),
(8, 2, 3, '2020-01-01'),
(9, 1, 3, '2020-01-01'),
(10, 3, 4, '2020-01-01'),
(11, 1, 4, '2020-01-01'),
(12, 1, 4, '2020-01-01'),
(13, 2, 1, '2020-01-02'),
(14, 3, 1, '2020-01-02'),
(15, 2, 1, '2020-01-02'),
(16, 2, 2, '2020-01-02'),
(17, 2, 2, '2020-01-02'),
(18, 1, 2, '2020-01-02'),
(19, 3, 3, '2020-01-02'),
(20, 1, 3, '2020-01-02'),
(21, 2, 3, '2020-01-02'),
(22, 1, 4, '2020-01-02'),
(23, 1, 4, '2020-01-02'),
(24, 1, 4, '2020-01-02'),
(25, 1, 1, '2020-01-03'),
(26, 2, 1, '2020-01-03'),
(27, 1, 1, '2020-01-03'),
(28, 2, 2, '2020-01-03'),
(29, 1, 2, '2020-01-03'),
(30, 3, 2, '2020-01-03'),
(31, 2, 3, '2020-01-03'),
(32, 1, 3, '2020-01-03'),
(33, 2, 3, '2020-01-03'),
(34, 1, 4, '2020-01-03'),
(35, 3, 4, '2020-01-03'),
(36, 2, 4, '2020-01-03'),
(37, 2, 1, '2020-01-04'),
(38, 3, 1, '2020-01-04'),
(39, 1, 1, '2020-01-04'),
(40, 3, 2, '2020-01-04'),
(41, 3, 2, '2020-01-04'),
(42, 1, 2, '2020-01-04'),
(43, 2, 3, '2020-01-04'),
(44, 2, 3, '2020-01-04'),
(45, 2, 3, '2020-01-04'),
(46, 3, 4, '2020-01-04'),
(47, 2, 4, '2020-01-04'),
(48, 1, 4, '2020-01-04'),
(49, 1, 1, '2020-01-05'),
(50, 3, 1, '2020-01-05'),
(51, 1, 1, '2020-01-05'),
(52, 2, 2, '2020-01-05'),
(53, 1, 2, '2020-01-05'),
(54, 3, 2, '2020-01-05'),
(55, 2, 3, '2020-01-05'),
(56, 3, 3, '2020-01-05'),
(57, 3, 3, '2020-01-05'),
(58, 3, 4, '2020-01-05'),
(59, 1, 4, '2020-01-05'),
(60, 1, 4, '2020-01-05'),
(61, 1, 1, '2020-01-06'),
(62, 1, 1, '2020-01-06'),
(63, 2, 1, '2020-01-06'),
(64, 2, 2, '2020-01-06'),
(65, 2, 2, '2020-01-06'),
(66, 1, 2, '2020-01-06'),
(67, 2, 3, '2020-01-06'),
(68, 1, 3, '2020-01-06'),
(69, 1, 3, '2020-01-06'),
(70, 1, 4, '2020-01-06'),
(71, 1, 4, '2020-01-06'),
(72, 3, 4, '2020-01-06'),
(73, 1, 1, '2020-01-07'),
(74, 1, 1, '2020-01-07'),
(75, 3, 1, '2020-01-07'),
(76, 2, 2, '2020-01-07'),
(77, 3, 2, '2020-01-07'),
(78, 2, 2, '2020-01-07'),
(79, 3, 3, '2020-01-07'),
(80, 3, 3, '2020-01-07'),
(81, 3, 3, '2020-01-07'),
(82, 2, 4, '2020-01-07'),
(83, 2, 4, '2020-01-07'),
(84, 3, 4, '2020-01-07'),
(85, 3, 1, '2020-01-08'),
(86, 1, 1, '2020-01-08'),
(87, 2, 1, '2020-01-08'),
(88, 3, 2, '2020-01-08'),
(89, 1, 2, '2020-01-08'),
(90, 3, 2, '2020-01-08'),
(91, 3, 3, '2020-01-08'),
(92, 2, 3, '2020-01-08'),
(93, 3, 3, '2020-01-08'),
(94, 3, 4, '2020-01-08'),
(95, 2, 4, '2020-01-08'),
(96, 3, 4, '2020-01-08'),
(97, 3, 1, '2020-01-09'),
(98, 2, 1, '2020-01-09'),
(99, 2, 1, '2020-01-09'),
(100, 2, 2, '2020-01-09'),
(101, 1, 2, '2020-01-09'),
(102, 2, 2, '2020-01-09'),
(103, 2, 3, '2020-01-09'),
(104, 1, 3, '2020-01-09'),
(105, 1, 3, '2020-01-09'),
(106, 3, 4, '2020-01-09'),
(107, 2, 4, '2020-01-09'),
(108, 3, 4, '2020-01-09'),
(109, 2, 1, '2020-01-10'),
(110, 1, 1, '2020-01-10'),
(111, 3, 1, '2020-01-10'),
(112, 2, 2, '2020-01-10'),
(113, 2, 2, '2020-01-10'),
(114, 3, 2, '2020-01-10'),
(115, 2, 3, '2020-01-10'),
(116, 3, 3, '2020-01-10'),
(117, 3, 3, '2020-01-10'),
(118, 1, 4, '2020-01-10'),
(119, 1, 4, '2020-01-10'),
(120, 2, 4, '2020-01-10'),
(121, 3, 1, '2020-01-11'),
(122, 2, 1, '2020-01-11'),
(123, 1, 1, '2020-01-11'),
(124, 2, 2, '2020-01-11'),
(125, 3, 2, '2020-01-11'),
(126, 1, 2, '2020-01-11'),
(127, 1, 3, '2020-01-11'),
(128, 3, 3, '2020-01-11'),
(129, 3, 3, '2020-01-11'),
(130, 1, 4, '2020-01-11'),
(131, 3, 4, '2020-01-11'),
(132, 2, 4, '2020-01-11'),
(133, 1, 1, '2020-01-12'),
(134, 3, 1, '2020-01-12'),
(135, 2, 1, '2020-01-12'),
(136, 2, 2, '2020-01-12'),
(137, 1, 2, '2020-01-12'),
(138, 1, 2, '2020-01-12'),
(139, 2, 3, '2020-01-12'),
(140, 1, 3, '2020-01-12'),
(141, 1, 3, '2020-01-12'),
(142, 2, 4, '2020-01-12'),
(143, 2, 4, '2020-01-12'),
(144, 2, 4, '2020-01-12'),
(145, 2, 1, '2020-01-13'),
(146, 1, 1, '2020-01-13'),
(147, 2, 1, '2020-01-13'),
(148, 1, 2, '2020-01-13'),
(149, 3, 2, '2020-01-13'),
(150, 2, 2, '2020-01-13'),
(151, 2, 3, '2020-01-13'),
(152, 3, 3, '2020-01-13'),
(153, 3, 3, '2020-01-13'),
(154, 2, 4, '2020-01-13'),
(155, 3, 4, '2020-01-13'),
(156, 3, 4, '2020-01-13'),
(157, 1, 1, '2020-01-14'),
(158, 1, 1, '2020-01-14'),
(159, 2, 1, '2020-01-14'),
(160, 1, 2, '2020-01-14'),
(161, 1, 2, '2020-01-14'),
(162, 2, 2, '2020-01-14'),
(163, 2, 3, '2020-01-14'),
(164, 1, 3, '2020-01-14'),
(165, 1, 3, '2020-01-14'),
(166, 3, 4, '2020-01-14'),
(167, 3, 4, '2020-01-14'),
(168, 3, 4, '2020-01-14'),
(169, 2, 1, '2020-01-15'),
(170, 3, 1, '2020-01-15'),
(171, 2, 1, '2020-01-15'),
(172, 2, 2, '2020-01-15'),
(173, 3, 2, '2020-01-15'),
(174, 2, 2, '2020-01-15'),
(175, 2, 3, '2020-01-15'),
(176, 1, 3, '2020-01-15'),
(177, 2, 3, '2020-01-15'),
(178, 3, 4, '2020-01-15'),
(179, 2, 4, '2020-01-15'),
(180, 2, 4, '2020-01-15'),
(181, 1, 1, '2020-01-16'),
(182, 2, 1, '2020-01-16'),
(183, 2, 1, '2020-01-16'),
(184, 1, 2, '2020-01-16'),
(185, 3, 2, '2020-01-16'),
(186, 3, 2, '2020-01-16'),
(187, 1, 3, '2020-01-16'),
(188, 1, 3, '2020-01-16'),
(189, 1, 3, '2020-01-16'),
(190, 2, 4, '2020-01-16'),
(191, 2, 4, '2020-01-16'),
(192, 2, 4, '2020-01-16'),
(193, 1, 1, '2020-01-17'),
(194, 1, 1, '2020-01-17'),
(195, 1, 1, '2020-01-17'),
(196, 2, 2, '2020-01-17'),
(197, 1, 2, '2020-01-17'),
(198, 3, 2, '2020-01-17'),
(199, 2, 3, '2020-01-17'),
(200, 2, 3, '2020-01-17'),
(201, 2, 3, '2020-01-17'),
(202, 1, 4, '2020-01-17'),
(203, 3, 4, '2020-01-17'),
(204, 2, 4, '2020-01-17'),
(205, 2, 1, '2020-01-18'),
(206, 1, 1, '2020-01-18'),
(207, 1, 1, '2020-01-18'),
(208, 2, 2, '2020-01-18'),
(209, 1, 2, '2020-01-18'),
(210, 3, 2, '2020-01-18'),
(211, 1, 3, '2020-01-18'),
(212, 1, 3, '2020-01-18'),
(213, 3, 3, '2020-01-18'),
(214, 3, 4, '2020-01-18'),
(215, 3, 4, '2020-01-18'),
(216, 1, 4, '2020-01-18'),
(217, 1, 1, '2020-01-19'),
(218, 2, 1, '2020-01-19'),
(219, 3, 1, '2020-01-19'),
(220, 1, 2, '2020-01-19'),
(221, 3, 2, '2020-01-19'),
(222, 2, 2, '2020-01-19'),
(223, 3, 3, '2020-01-19'),
(224, 3, 3, '2020-01-19'),
(225, 2, 3, '2020-01-19'),
(226, 2, 4, '2020-01-19'),
(227, 1, 4, '2020-01-19'),
(228, 1, 4, '2020-01-19'),
(229, 1, 1, '2020-01-20'),
(230, 3, 1, '2020-01-20'),
(231, 1, 1, '2020-01-20'),
(232, 1, 2, '2020-01-20'),
(233, 2, 2, '2020-01-20'),
(234, 1, 2, '2020-01-20'),
(235, 1, 3, '2020-01-20'),
(236, 3, 3, '2020-01-20'),
(237, 2, 3, '2020-01-20'),
(238, 1, 4, '2020-01-20'),
(239, 2, 4, '2020-01-20'),
(240, 3, 4, '2020-01-20'),
(241, 3, 1, '2020-01-21'),
(242, 3, 1, '2020-01-21'),
(243, 3, 1, '2020-01-21'),
(244, 1, 2, '2020-01-21'),
(245, 1, 2, '2020-01-21'),
(246, 2, 2, '2020-01-21'),
(247, 3, 3, '2020-01-21'),
(248, 2, 3, '2020-01-21'),
(249, 3, 3, '2020-01-21'),
(250, 3, 4, '2020-01-21'),
(251, 1, 4, '2020-01-21'),
(252, 3, 4, '2020-01-21'),
(253, 2, 1, '2020-01-22'),
(254, 2, 1, '2020-01-22'),
(255, 2, 1, '2020-01-22'),
(256, 3, 2, '2020-01-22'),
(257, 1, 2, '2020-01-22'),
(258, 3, 2, '2020-01-22'),
(259, 2, 3, '2020-01-22'),
(260, 3, 3, '2020-01-22'),
(261, 3, 3, '2020-01-22'),
(262, 1, 4, '2020-01-22'),
(263, 3, 4, '2020-01-22'),
(264, 3, 4, '2020-01-22'),
(265, 1, 1, '2020-01-23'),
(266, 2, 1, '2020-01-23'),
(267, 1, 1, '2020-01-23'),
(268, 2, 2, '2020-01-23'),
(269, 3, 2, '2020-01-23'),
(270, 3, 2, '2020-01-23'),
(271, 3, 3, '2020-01-23'),
(272, 1, 3, '2020-01-23'),
(273, 2, 3, '2020-01-23'),
(274, 3, 4, '2020-01-23'),
(275, 1, 4, '2020-01-23'),
(276, 1, 4, '2020-01-23'),
(277, 2, 1, '2020-01-24'),
(278, 3, 1, '2020-01-24'),
(279, 2, 1, '2020-01-24'),
(280, 3, 2, '2020-01-24'),
(281, 2, 2, '2020-01-24'),
(282, 1, 2, '2020-01-24'),
(283, 1, 3, '2020-01-24'),
(284, 3, 3, '2020-01-24'),
(285, 1, 3, '2020-01-24'),
(286, 1, 4, '2020-01-24'),
(287, 1, 4, '2020-01-24'),
(288, 1, 4, '2020-01-24'),
(289, 2, 1, '2020-01-25'),
(290, 1, 1, '2020-01-25'),
(291, 1, 1, '2020-01-25'),
(292, 3, 2, '2020-01-25'),
(293, 2, 2, '2020-01-25'),
(294, 1, 2, '2020-01-25'),
(295, 1, 3, '2020-01-25'),
(296, 3, 3, '2020-01-25'),
(297, 2, 3, '2020-01-25'),
(298, 2, 4, '2020-01-25'),
(299, 2, 4, '2020-01-25'),
(300, 3, 4, '2020-01-25'),
(301, 2, 1, '2020-01-26'),
(302, 3, 1, '2020-01-26'),
(303, 1, 1, '2020-01-26'),
(304, 2, 2, '2020-01-26'),
(305, 1, 2, '2020-01-26'),
(306, 2, 2, '2020-01-26'),
(307, 3, 3, '2020-01-26'),
(308, 3, 3, '2020-01-26'),
(309, 3, 3, '2020-01-26'),
(310, 2, 4, '2020-01-26'),
(311, 1, 4, '2020-01-26'),
(312, 2, 4, '2020-01-26'),
(313, 2, 1, '2020-01-27'),
(314, 3, 1, '2020-01-27'),
(315, 2, 1, '2020-01-27'),
(316, 3, 2, '2020-01-27'),
(317, 3, 2, '2020-01-27'),
(318, 2, 2, '2020-01-27'),
(319, 1, 3, '2020-01-27'),
(320, 1, 3, '2020-01-27'),
(321, 1, 3, '2020-01-27'),
(322, 2, 4, '2020-01-27'),
(323, 3, 4, '2020-01-27'),
(324, 2, 4, '2020-01-27'),
(325, 3, 1, '2020-01-28'),
(326, 3, 1, '2020-01-28'),
(327, 1, 1, '2020-01-28'),
(328, 1, 2, '2020-01-28'),
(329, 1, 2, '2020-01-28'),
(330, 2, 2, '2020-01-28'),
(331, 1, 3, '2020-01-28'),
(332, 1, 3, '2020-01-28'),
(333, 3, 3, '2020-01-28'),
(334, 2, 4, '2020-01-28'),
(335, 2, 4, '2020-01-28'),
(336, 1, 4, '2020-01-28'),
(337, 2, 1, '2020-01-29'),
(338, 1, 1, '2020-01-29'),
(339, 1, 1, '2020-01-29'),
(340, 3, 2, '2020-01-29'),
(341, 2, 2, '2020-01-29'),
(342, 2, 2, '2020-01-29'),
(343, 2, 3, '2020-01-29'),
(344, 2, 3, '2020-01-29'),
(345, 2, 3, '2020-01-29'),
(346, 3, 4, '2020-01-29'),
(347, 1, 4, '2020-01-29'),
(348, 3, 4, '2020-01-29'),
(349, 1, 1, '2020-01-30'),
(350, 1, 1, '2020-01-30'),
(351, 3, 1, '2020-01-30'),
(352, 2, 2, '2020-01-30'),
(353, 3, 2, '2020-01-30'),
(354, 1, 2, '2020-01-30'),
(355, 1, 3, '2020-01-30'),
(356, 1, 3, '2020-01-30'),
(357, 3, 3, '2020-01-30'),
(358, 1, 4, '2020-01-30'),
(359, 2, 4, '2020-01-30'),
(360, 3, 4, '2020-01-30'),
(361, 3, 1, '2020-01-31'),
(362, 2, 1, '2020-01-31'),
(363, 1, 1, '2020-01-31'),
(364, 1, 2, '2020-01-31'),
(365, 2, 2, '2020-01-31'),
(366, 2, 2, '2020-01-31'),
(367, 3, 3, '2020-01-31'),
(368, 3, 3, '2020-01-31'),
(369, 3, 3, '2020-01-31'),
(370, 1, 4, '2020-01-31'),
(371, 3, 4, '2020-01-31'),
(372, 1, 4, '2020-01-31');

--
-- Index pour les tables exportées
--

--
-- Index pour la table `Employe`
--
ALTER TABLE `Employe`
  ADD PRIMARY KEY (`id_Employe`),
  ADD UNIQUE KEY `utilisateur_UNIQUE` (`utilisateur`);

--
-- Index pour la table `has_voted`
--
ALTER TABLE `has_voted`
  ADD PRIMARY KEY (`id_has_voted`);

--
-- Index pour la table `Humeur`
--
ALTER TABLE `Humeur`
  ADD PRIMARY KEY (`id_humeur`);

--
-- Index pour la table `Service`
--
ALTER TABLE `Service`
  ADD PRIMARY KEY (`id_service`);

--
-- Index pour la table `Vote`
--
ALTER TABLE `Vote`
  ADD PRIMARY KEY (`id_vote`);

--
-- AUTO_INCREMENT pour les tables exportées
--

--
-- AUTO_INCREMENT pour la table `Employe`
--
ALTER TABLE `Employe`
  MODIFY `id_Employe` int(11) NOT NULL AUTO_INCREMENT, AUTO_INCREMENT=3;
--
-- AUTO_INCREMENT pour la table `has_voted`
--
ALTER TABLE `has_voted`
  MODIFY `id_has_voted` int(11) NOT NULL AUTO_INCREMENT;
--
-- AUTO_INCREMENT pour la table `Humeur`
--
ALTER TABLE `Humeur`
  MODIFY `id_humeur` int(11) NOT NULL AUTO_INCREMENT, AUTO_INCREMENT=4;
--
-- AUTO_INCREMENT pour la table `Service`
--
ALTER TABLE `Service`
  MODIFY `id_service` int(11) NOT NULL AUTO_INCREMENT, AUTO_INCREMENT=5;
--
-- AUTO_INCREMENT pour la table `Vote`
--
ALTER TABLE `Vote`
  MODIFY `id_vote` int(11) NOT NULL AUTO_INCREMENT, AUTO_INCREMENT=373;
/*!40101 SET CHARACTER_SET_CLIENT=@OLD_CHARACTER_SET_CLIENT */;
/*!40101 SET CHARACTER_SET_RESULTS=@OLD_CHARACTER_SET_RESULTS */;
/*!40101 SET COLLATION_CONNECTION=@OLD_COLLATION_CONNECTION */;
